model,representation,config,val_accuracy,val_macro_f1,val_weighted_f1,train_seconds
BERT Base,WordPiece,"{'lr': 3e-05, 'batch': 32, 'epochs': 2, 'max_len': 192, 'class_weighted': True}",0.8149,0.7922,0.8164,2343.7
BERT Base,WordPiece,"{'lr': 2e-05, 'batch': 16, 'epochs': 2, 'max_len': 128, 'class_weighted': True}",0.8104,0.7831,0.8113,1628.3
BERT Base,WordPiece,"{'lr': 5e-05, 'batch': 32, 'epochs': 1, 'max_len': 128, 'class_weighted': False}",0.819,0.7716,0.8183,791.7
Bidirectional GRU,word2vec,"{'units': 64, 'dropout': 0.3, 'emb': 'word2vec', 'trainable_emb': False, 'lr': 0.001, 'batch': 64, 'epochs': 8}",0.7638,0.727,0.7648,75.4
Bidirectional GRU,glove,"{'units': 128, 'dropout': 0.5, 'emb': 'glove', 'trainable_emb': True, 'lr': 0.001, 'batch': 64, 'epochs': 8}",0.7146,0.6846,0.7006,57.2
Bidirectional GRU,glove,"{'units': 64, 'dropout': 0.2, 'emb': 'glove', 'trainable_emb': False, 'lr': 0.0005, 'batch': 128, 'epochs': 8}",0.7201,0.6531,0.7223,42.4
Bidirectional LSTM,glove,"{'units': 128, 'dropout': 0.5, 'emb': 'glove', 'trainable_emb': True, 'lr': 0.001, 'batch': 64, 'epochs': 8}",0.7537,0.7189,0.7505,71.2
Bidirectional LSTM,word2vec,"{'units': 64, 'dropout': 0.3, 'emb': 'word2vec', 'trainable_emb': False, 'lr': 0.001, 'batch': 64, 'epochs': 8}",0.7536,0.7125,0.7577,76.9
Bidirectional LSTM,glove,"{'units': 64, 'dropout': 0.2, 'emb': 'glove', 'trainable_emb': False, 'lr': 0.0005, 'batch': 128, 'epochs': 8}",0.674,0.6112,0.6807,38.9
Bidirectional SimpleRNN,word2vec,"{'units': 64, 'dropout': 0.3, 'emb': 'word2vec', 'trainable_emb': False, 'lr': 0.001, 'batch': 64, 'epochs': 8}",0.5647,0.4436,0.544,102.2
Bidirectional SimpleRNN,glove,"{'units': 64, 'dropout': 0.2, 'emb': 'glove', 'trainable_emb': False, 'lr': 0.0005, 'batch': 128, 'epochs': 8}",0.5637,0.4333,0.5535,66.1
Bidirectional SimpleRNN,glove,"{'units': 128, 'dropout': 0.5, 'emb': 'glove', 'trainable_emb': True, 'lr': 0.001, 'batch': 64, 'epochs': 8}",0.524,0.3502,0.4701,112.5
GRU,word2vec,"{'units': 64, 'dropout': 0.3, 'emb': 'word2vec', 'trainable_emb': False, 'lr': 0.001, 'batch': 64, 'epochs': 8}",0.7292,0.6895,0.7254,52.1
GRU,glove,"{'units': 128, 'dropout': 0.5, 'emb': 'glove', 'trainable_emb': True, 'lr': 0.001, 'batch': 64, 'epochs': 8}",0.7151,0.6754,0.7095,43.1
GRU,glove,"{'units': 64, 'dropout': 0.2, 'emb': 'glove', 'trainable_emb': False, 'lr': 0.0005, 'batch': 128, 'epochs': 8}",0.7216,0.6511,0.7234,27.9
LSTM,glove,"{'units': 128, 'dropout': 0.5, 'emb': 'glove', 'trainable_emb': True, 'lr': 0.001, 'batch': 64, 'epochs': 8}",0.7535,0.6966,0.7506,51.0
LSTM,word2vec,"{'units': 64, 'dropout': 0.3, 'emb': 'word2vec', 'trainable_emb': False, 'lr': 0.001, 'batch': 64, 'epochs': 8}",0.7217,0.6664,0.7273,50.4
LSTM,glove,"{'units': 64, 'dropout': 0.2, 'emb': 'glove', 'trainable_emb': False, 'lr': 0.0005, 'batch': 128, 'epochs': 8}",0.6621,0.5784,0.6712,28.6
Logistic Regression,TF-IDF,"{'class': 'LogisticRegression', 'C': 1.0, 'max_iter': 2000, 'class_weight': 'balanced', 'random_state': 42}",0.7705,0.7307,0.7707,14.6
Logistic Regression,TF-IDF,"{'class': 'LogisticRegression', 'C': 0.5, 'max_iter': 2000, 'class_weight': 'balanced', 'random_state': 42}",0.7607,0.7218,0.7608,12.6
Logistic Regression,TF-IDF,"{'class': 'LogisticRegression', 'C': 5.0, 'max_iter': 2000, 'class_weight': None, 'random_state': 42}",0.7712,0.7137,0.7674,28.8
Naive Bayes,TF-IDF,"{'class': 'ComplementNB', 'alpha': 0.3}",0.6986,0.6102,0.6914,0.0
Naive Bayes,TF-IDF,"{'class': 'MultinomialNB', 'alpha': 0.2}",0.7129,0.5896,0.7043,0.2
Naive Bayes,TF-IDF,"{'class': 'MultinomialNB', 'alpha': 0.5}",0.7013,0.5201,0.6829,0.0
Naive Bayes,TF-IDF,"{'class': 'MultinomialNB', 'alpha': 1.0}",0.6813,0.46,0.6557,0.0
Random Forest,TF-IDF,"{'class': 'RandomForestClassifier', 'n_estimators': 400, 'max_depth': 50, 'min_samples_leaf': 2, 'class_weight': 'balanced_subsample', 'n_jobs': -1, 'random_state': 42}",0.7168,0.6453,0.7107,78.0
Random Forest,TF-IDF,"{'class': 'RandomForestClassifier', 'n_estimators': 200, 'max_depth': None, 'min_samples_leaf': 1, 'class_weight': 'balanced', 'n_jobs': -1, 'random_state': 42}",0.6917,0.516,0.6667,112.2
Random Forest,TF-IDF,"{'class': 'RandomForestClassifier', 'n_estimators': 600, 'max_features': 'sqrt', 'min_samples_leaf': 1, 'class_weight': 'balanced', 'n_jobs': -1, 'random_state': 42}",0.6936,0.5132,0.6684,329.9
SimpleRNN,glove,"{'units': 64, 'dropout': 0.2, 'emb': 'glove', 'trainable_emb': False, 'lr': 0.0005, 'batch': 128, 'epochs': 8}",0.4985,0.3476,0.49,43.1
SimpleRNN,word2vec,"{'units': 64, 'dropout': 0.3, 'emb': 'word2vec', 'trainable_emb': False, 'lr': 0.001, 'batch': 64, 'epochs': 8}",0.4732,0.291,0.3978,43.8
SimpleRNN,glove,"{'units': 128, 'dropout': 0.5, 'emb': 'glove', 'trainable_emb': True, 'lr': 0.001, 'batch': 64, 'epochs': 8}",0.3068,0.1445,0.2648,46.6
